{
    "CA": 0.3223039753158401,
    "California": 0.313319591245998,
    "Nevada": 0.11025574213721276,
    "Washington": 0.033382823766759454,
    "Montana": 0.029663946627727887,
    "Utah": 0.02874164445831839,
    "Puerto Rico": 0.023056909268685324,
    "Alaska": 0.021581225797630135,
    "Hawaii": 0.018666621948985725,
    "Oklahoma": 0.015131560277284021,
    "MX": 0.014016413108816177,
    "Texas": 0.006826970953286363,
    "Oregon": 0.0066579897166532944,
    "Idaho": 0.006578013864201002,
    "Wyoming": 0.005873065422827172,
    "New Mexico": 0.004322565831735966,
    "U.S. Virgin Islands": 0.004285802738269993,
    "Indonesia": 0.002460547396012043,
    "Tennessee": 0.002327684286292913,
    "Canada": 0.002284471527306594,
    "Dominican Republic": 0.0022373889690080672,
    "Kansas": 0.0020574433009904105,
    "Missouri": 0.0017833325163757008,
    "NV": 0.0016182210790548401,
    "Arkansas": 0.001608546580774321,
    "Philippines": 0.0015466297917789984,
    "Japan": 0.0012680042413000462,
    "Papua New Guinea": 0.0010945082388027357,
    "Tonga": 0.0009474558649388442,
    "Chile": 0.0009094028383688022,
    "Colorado": 0.0006514162175549576,
    "Vanuatu": 0.0006475464182427499,
    "Russia": 0.0006327121875459538,
    "Northern Mariana Islands": 0.0005546712347497659,
    "Mexico": 0.0004927544457544432,
    "Turkey": 0.0004540564526323665,
    "China": 0.000448251753664055,
    "Argentina": 0.00043277255641522433,
    "Taiwan": 0.0004153584595102898,
    "Fiji": 0.00040116919536552833,
    "Peru": 0.0003985893291573899,
    "Arizona": 0.00038117523225245537,
    "New Zealand": 0.00037408060018007463,
    "Solomon Islands": 0.0003366725401620672,
    "Afghanistan": 0.00032441817567340956,
    "North Carolina": 0.0003140987108408558,
    "Timor Leste": 0.00029539468083185203,
    "Iran": 0.00026250138667808685,
    "Greece": 0.00024895708908536003,
    "Guam": 0.0002296080925243217,
    "New York": 0.0002238033935560102,
    "India": 0.00022251346045194096,
    "New Jersey": 0.00019477989871445267,
    "Colombia": 0.0001734960024973105,
    "American Samoa": 0.00017220606939324126,
    "South Carolina": 0.000156081905592376,
    "Tajikistan": 0.0001515671397281337,
    "Georgia": 0.00014447250765575297,
    "El Salvador": 0.0001289933104069223,
    "Guatemala": 0.00012254364488657618,
    "Nicaragua": 0.0001173839124702993,
    "Ecuador": 0.00010964431384588396,
    "UT": 0.00010512954798164167,
    "Anguilla": 0.000101259748669434,
    "Myanmar": 0.000101259748669434,
    "OK": 9.54550497011225e-05,
    "New Caledonia": 9.02953172848456e-05,
    "Alabama": 8.836041762874177e-05,
    "MT": 8.126578555636105e-05,
    "Virginia": 7.997585245229183e-05,
    "Panama": 7.86859193482226e-05,
    "Iceland": 7.675101969211877e-05,
    "WA": 7.675101969211877e-05,
    "Bolivia": 7.288122037991109e-05,
    "Ethiopia": 7.223625382787649e-05,
    "Kentucky": 6.901142106770343e-05,
    "Somalia": 6.836645451566881e-05,
    "Wallis and Futuna": 6.643155485956498e-05,
    "Costa Rica": 5.869195623514965e-05,
    "Kyrgyzstan": 5.6112090027011197e-05,
    "Italy": 5.353222381887275e-05,
    "Illinois": 5.159732416276892e-05,
    "Pakistan": 5.095235761073431e-05,
    "ID": 4.966242450666508e-05,
    "Pennsylvania": 4.8372491402595865e-05,
    "Micronesia": 4.772752485056125e-05,
    "Maine": 4.708255829852664e-05,
    "Ohio": 4.51476586424228e-05,
    "Tanzania": 4.321275898631897e-05,
    "India region": 3.998792622614591e-05,
    "Svalbard and Jan Mayen": 3.93429596741113e-05,
    "Venezuela": 3.93429596741113e-05,
    "Nepal": 3.8053026570042075e-05,
    "Saint Helena": 3.740806001800747e-05,
    "HI": 3.547316036190363e-05,
    "Australia": 2.8378528289522905e-05,
    "AK": 2.7088595185453683e-05,
    "Portugal": 2.4508728977315235e-05,
    "New Hampshire": 2.192886276917679e-05,
    "Honduras": 2.192886276917679e-05,
    "Yemen": 2.063892966510757e-05,
    "Morocco": 1.9993963113072956e-05,
    "Saint Eustatius and Saba": 1.9348996561038344e-05,
    "South Africa": 1.9348996561038344e-05,
    "OR": 1.8704030009003734e-05,
    "Connecticut": 1.8059063456969122e-05,
    "Kazakhstan": 1.8059063456969122e-05,
    "Romania": 1.741409690493451e-05,
    "Albania": 1.5479197248830674e-05,
    "Vietnam": 1.5479197248830674e-05,
    "Antigua and Barbuda": 1.5479197248830674e-05,
    "Malta": 1.4834230696796063e-05,
    "Mauritius": 1.4834230696796063e-05,
    "Eritrea": 1.4834230696796063e-05,
    "West Virginia": 1.4189264144761452e-05,
    "Guadeloupe": 1.289933104069223e-05,
    "Louisiana": 1.2254364488657618e-05,
    "Syria": 1.2254364488657618e-05,
    "Mongolia": 1.2254364488657618e-05,
    "Bosnia and Herzegovina": 1.1609397936623007e-05,
    "Azerbaijan": 1.1609397936623007e-05,
    "Samoa": 1.0964431384588396e-05,
    "Iraq": 1.0964431384588396e-05,
    "Cyprus": 1.0964431384588396e-05,
    "Mississippi": 1.0964431384588396e-05,
    "Democratic Republic of the Congo": 1.0964431384588396e-05,
    "Nebraska": 1.0964431384588396e-05,
    "Cuba": 1.0319464832553785e-05,
    "Turkmenistan": 1.0319464832553785e-05,
    "Massachusetts": 9.674498280519172e-06,
    "TN": 9.674498280519172e-06,
    "Poland": 9.029531728484561e-06,
    "Saudi Arabia": 9.029531728484561e-06,
    "WY": 9.029531728484561e-06,
    "Maryland": 9.029531728484561e-06,
    "KS": 9.029531728484561e-06,
    "Brazil": 8.38456517644995e-06,
    "Uzbekistan": 7.739598624415337e-06,
    "Uganda": 7.739598624415337e-06,
    "Djibouti": 7.739598624415337e-06,
    "Cayman Islands": 7.739598624415337e-06,
    "Algeria": 7.094632072380726e-06,
    "Federated States of Micronesia": 7.094632072380726e-06,
    "AZ": 7.094632072380726e-06,
    "Croatia": 6.449665520346115e-06,
    "Greenland": 5.804698968311503e-06,
    "Minnesota": 5.804698968311503e-06,
    "Armenia": 5.159732416276892e-06,
    "TX": 5.159732416276892e-06,
    "France": 5.159732416276892e-06,
    "Zambia": 5.159732416276892e-06,
    "Vermont": 5.159732416276892e-06,
    "Jamaica": 5.159732416276892e-06,
    "AR": 4.5147658642422804e-06,
    "Haiti": 4.5147658642422804e-06,
    "South Dakota": 4.5147658642422804e-06,
    "New Zealand region": 4.5147658642422804e-06,
    "Ecuador region": 4.5147658642422804e-06,
    "Bangladesh": 4.5147658642422804e-06,
    "MO": 3.869799312207669e-06,
    "Palau": 3.869799312207669e-06,
    "Tunisia": 3.869799312207669e-06,
    "Spain": 3.869799312207669e-06,
    "Egypt": 3.869799312207669e-06,
    "Rhode Island": 3.869799312207669e-06,
    "Zimbabwe": 3.869799312207669e-06,
    "NM": 3.869799312207669e-06,
    "Barbados": 3.869799312207669e-06,
    "Libya": 3.2248327601730576e-06,
    "Sudan": 3.2248327601730576e-06,
    "Martinique": 2.579866208138446e-06,
    "Mozambique": 2.579866208138446e-06,
    "Hungary": 2.579866208138446e-06,
    "Angola": 2.579866208138446e-06,
    "Indiana": 2.579866208138446e-06,
    "PA": 2.579866208138446e-06,
    "NC": 2.579866208138446e-06,
    "Bulgaria": 2.579866208138446e-06,
    "Gabon": 1.9348996561038343e-06,
    "USA": 1.9348996561038343e-06,
    "Oman": 1.9348996561038343e-06,
    "Trinidad and Tobago": 1.9348996561038343e-06,
    "United Kingdom": 1.9348996561038343e-06,
    "Thailand": 1.9348996561038343e-06,
    "Grenada": 1.9348996561038343e-06,
    "Kosovo": 1.9348996561038343e-06,
    "NJ": 1.9348996561038343e-06,
    "California Earthquake": 1.9348996561038343e-06,
    "Saint Kitts and Nevis": 1.9348996561038343e-06,
    "South Korea": 1.9348996561038343e-06,
    "Switzerland": 1.9348996561038343e-06,
    "Serbia": 1.9348996561038343e-06,
    "Germany": 1.9348996561038343e-06,
    "Montenegro": 1.9348996561038343e-06,
    "Malawi": 1.9348996561038343e-06,
    "Ukraine": 1.289933104069223e-06,
    "Bhutan": 1.289933104069223e-06,